Product Name,Product Price,Product Description,Category,Amazon Search Query,URL,Amazon - About this item/Description
"HP Touchscreen Laptop Computer for College Student Home Study & Business, 32GB RAM, 1TB PCIe SSD, 13th Gen Intel Core (Beat i5-1155G7), 15.6"", WiFi 6, HDMI, Windows 11 Pro, Tichang Type-C HUB",$599.00,"The HP 15.6"" Touchscreen Notebook combines sleek design with reliable performance, making it a great choice for everyday productivity and entertainment. Powered by a 13th Gen Intel Core i3 processor and 32GB DDR4 memory, it handles multitasking with ease, whether you’re browsing, streaming, or working on documents. Its HD micro-edge display with Intel UHD graphics delivers a clear viewing experience while maximizing screen space in a compact frame. A spacious 1TB SSD provides ample storage and fast load times, while Wi-Fi 6 and Bluetooth 5.3 ensure smooth connectivity. Designed for comfort, the full-size keyboard with numeric keypad is ideal for extended typing, and the dedicated Copilot key offers quick access to intelligent assistance. Preloaded with Windows 11 Pro and bundled with a versatile USB-C to Ethernet adapter, this laptop is well-suited for both home and business use.",Electronics,Laptop,https://www.amazon.com/HP-Touchscreen-Computer-Business-i5-1155G7/dp/B0FHKKKQM4?crid=2X0EJSWISZP2J&dib=eyJ2IjoiMSJ9.jjLv6DfADh-zl23-cbSMfP7d0xXySRHckoOgnZ3bm-TlUJB54H7UDUtCam5ZplYNHrnpcJL0oep24_7X0oFaX1q-YqHmKr-lhzvcGccNOnxJOL1HsLUQMjhqJ8PKo9DQlXLujw1VzEc3lPzk_N8ab1d3-fZAc1ZRNhPLi86joWgPFDAgcyFJhcemcoMxCZg41xa7sOL5edO3vQKFFftK64A4YAySnkQxxfY2Mbk7gV0.Fev3LXMJV_EEAJ1uhQp52HjFcSTJ2TD7UTN1U5t3iak&dib_tag=se&keywords=laptop&qid=1755775708&sprefix=%2Caps%2C164&sr=8-3&th=1,"Powered by a 13th Gen Intel Core i3-1315U, 6C (2P + 4E) / 8T, P-core 1.2 / 4.5GHz, E-core 0.9 / 3.3GHz, 10MB Processor, this 15.6"" Touchscreen 15 Notebook from HP is a slim yet powerful system capable of handling everyday tasks such as browsing the internet, composing and editing documents, and streaming online videos.
Its 15.6"" display, driven by integrated Intel UHD graphics, features 1366 x 768 resolution and a micro-edge display, which fits a larger screen in a smaller body for a more immersive viewing experience. The Microsoft Copilot gives you intelligent answers. Access with just thetouch of the Copilot key.
RAM: 32GB DDR4 SDRAM Memory; Hard Drive: 1TB PCIe NVMe M.2 SSD.
Wireless: Wi-Fi 6 (2x2) and Bluetooth 5.3 wireless card; 1 USB Type-C 5Gbps signaling rate (supports data transfer only and does not support charging or external monitors); 2 USB Type-A 5Gbps signaling rate; 1 AC smart pin; 1 HDMI 1.4b; 1 headphone/microphone combo.
Operating system: Windows 11 Professional English 64bit. Full-size, soft grey keyboard with numeric keypad ensures that typing is supremely comfortable. Perfect for productivity software, meetings, reporting, and general admin tasks. Efficient for document handling, emails, browsing, and business operations. Bundled with Tichang USB Type-C To Ethernet Adapter With 3 x Supper Speed USB 3.0 ports."
Motorola Moto G 5G | 2024 | Unlocked | Made for US 4/128GB | 50MP Camera | Sage Green,$139.99,"Enjoy smooth entertainment and powerful performance with this smartphone featuring a vibrant 6.6"" display with up to 120Hz refresh rate and immersive Dolby Atmos stereo sound. Capture stunning photos day or night with the 50MP Quad Pixel camera system, complete with a Macro Vision lens for detailed close-ups. Powered by the Snapdragon 4 Gen 1 octa-core processor and 5G connectivity, it delivers fast streaming, gaming, and multitasking. A long-lasting 5000mAh battery paired with TurboPower charging keeps you connected longer, while ample built-in storage lets you save more content—with the option to expand up to 1TB via microSD. Designed with a premium vegan leather finish that resists fingerprints, this device combines style, comfort, and durability for everyday use.",Electronics,Smartphone,https://www.amazon.com/Moto-Unlocked-128GB-Camera-Green/dp/B0CWHXVLXG?crid=3P93U8L162GDC&dib=eyJ2IjoiMSJ9.TtCz4qM5cozyrQEw3wA6A9fHsBZveEUFvcBby_lJTCYI7ZKk35KITMf86uf1o4lR2Fk-E3mzbaBIs2SOwfWXUAOCx8J85UdR7fmy9JwLQ6GIU5AAd37u0wr7SDfag2wIBpQZwMXiHzUTn9SlyOKfNZ27GV6drQL247gIyJtI0TJvGS1W4QW1A6RnN1M0PHHqpI8AXTwMaaoEdQV3Xcpi9XA_yJvkw2LaHLC95mSLgKU.vKcOOV_Fl9GpqTYGNAVndxT3VyPMO5akQrXdoAgej4o&dib_tag=se&keywords=Smartphone&qid=1755775981&sprefix=smartphone%2Caps%2C187&sr=8-3&th=1,"Immersive 120Hz display* and Dolby Atmos: Watch movies and play games on a fast, fluid 6.6"" display backed by multidimensional stereo sound.
50MP Quad Pixel camera system**: Capture sharper photos day or night with 4x the light sensitivity—and explore up close using the Macro Vision lens.
Superfast 5G performance***: Unleash your entertainment at 5G speed with the Snapdragon 4 Gen 1 octa-core processor.
Massive battery and speedy charging: Work and play nonstop with a long-lasting 5000mAh battery, then fuel up fast with TurboPower.****
Premium design within reach: Stand out with a stunning look and comfortable feel, including a vegan leather back cover that’s soft to the touch and fingerprint resistant.
Tons of built-in ultrafast storage: Get plenty of room for photos, movies, songs, and apps—and add up to 1TB with a microSD card*****
*A minimum device refresh rate of 60Hz and a maximum refresh rate of 120Hz; actual refresh rate may be less and will vary based on app/content limitations and requirements, device mode settings, and other factors."
"Sony ZX Series Wired On-Ear Headphones, Black MDR-ZX110",$9.88,"Enjoy high-quality sound wherever you go with these lightweight headphones featuring 1.38-inch neodymium dynamic drivers for a clear, punchy audio response. Designed with comfort in mind, they include cushioned earpads and an enfolding closed-back design that helps block out external noise. The swiveling earcups make them easy to fold and store, making them ideal for travel and on-the-go use. With a wide frequency range from 12 Hz to 22 kHz, you’ll experience deep bass, detailed mids, and crisp highs across your music. An L-shaped 3.5mm stereo mini plug and a 3.94 ft cord provide reliable connectivity for everyday listening.",Electronics,Headphones,https://www.amazon.com/Sony-MDRZX110-BLK-Stereo-Headphones/dp/B00NJ2M33I?crid=3MO5I4EBRKPM4&dib=eyJ2IjoiMSJ9.CyyFQwVl6NAfWS8OLENgf9vLg4tCBkX7L2P-dDpCJRKmPjjCM5yy8r3Jbsb_E7uMA7pbQwI36jGKMdDsuvQXVmTKa4grw6YQz3KEo8J2Ympb_6ou85xGqooXas3jUhuIFsKHvfSyZiihwXvVVKcpgyCke-zUC0YkEKiqN23KyTtN0SMcewxizZp6exHcT01QnwpX-_A4T_7B8Raj-D6cde5KxC1abfvNX5fLLry7_Og.XEB3vgtufQLv8UGGx9A0oGT_jul1gR3a06Fy82TWRbk&dib_tag=se&keywords=Headphones&qid=1755776141&sprefix=headphone%2Caps%2C193&sr=8-3&th=1,"Lightweight 1.38 in neodymium dynamic drivers deliver a punchy, rhythmic response to even the most demanding tracks. Driver Unit: Dome type.Specific uses for product : Travel
The swiveling earcup design allows easy storage when you’re not using them, and enhances portability when you’re traveling
Cushioned earpads for total comfort and enfolding closed-back design seals in sound
The wide frequency range—spanning 12 Hz to 22 kHz—delivers deep bass, rich midrange, and soaring highs
Plug: L-shaped stereo mini plug 3.5mm. Impedance (Ohm) 24 ohm (1KHz). Cord Length 3.94 ft"
"CyberPowerPC Gamer Master Gaming PC, AMD Ryzen 5 5500 3.6GHz, Radeon RX 6400 4GB, 16GB DDR4, 500GB PCIe Gen4 SSD, WiFi Ready & Windows 11 Home (GMA3100A)",$719.99,"Powerful and versatile, this desktop PC is built to handle everyday tasks, creative projects, and smooth gaming performance. It features an AMD Ryzen 5 5500 six-core processor paired with 16GB of DDR4 memory and a fast 500GB PCIe Gen4 NVMe SSD for quick load times and efficient multitasking. The AMD Radeon RX 6400 graphics card with HDMI and DisplayPort outputs delivers sharp visuals for both work and play. Designed with connectivity in mind, it includes multiple USB ports, Gigabit LAN, WiFi 5, Bluetooth 4.2, and 7.1 channel audio support. A tempered glass side panel with customizable RGB lighting adds a stylish touch, while the included keyboard and mouse make it ready to use right out of the box. Backed by a one-year warranty and lifetime technical support, this system offers both performance and peace of mind.",Electronics,PC,https://www.amazon.com/CyberPowerPC-Master-Gaming-Windows-GMA3100A/dp/B0DCMH6T7X?crid=5M92WLHGTCX&dib=eyJ2IjoiMSJ9.kaCy_SLlpoK89SupSbIHwG5qZqISTmRqqZrNfabVlQUAxY_TwyIhfFdtOwOaEUxT_u8YM8lK12jf8aoEAg8wx3LbDRg1kyApgVNDb7P2H6S9zpuod89WzilYmsbMleODTpDrhVWErCnlvNg-Xoc4SqKD7kZQBTzhAXnKV2K7emSNQ3hA0CmEAsHk3_PQaZWvK0rBsEzSDZ1cvrwE52FycyGiwalSVuXHjPsYKlKLkiw.fxz-PUjB8DFs4JGkJMTQyOvLVxZ4AybazuqPdkKDKIE&dib_tag=se&keywords=PC&qid=1755776228&sprefix=pc%2Caps%2C277&sr=8-3&th=1,"System: AMD Ryzen 5 5500 3.6GHz 6 Cores | AMD B550 Chipset | 16GB DDR4 | 500GB PCIe Gen4 NVMe SSD | Windows 11 Home 64-bit
Graphics: AMD Radeon RX 6400 4GB Graphics | 1x HDMI | 1x DisplayPort
Connectivity: 5 x USB 3.1 | 4 x USB 2.0 | 1 x LAN 1G | WiFi 5 | Bluetooth 4.2 | 7.1 Channel Audio | Keyboard and Mouse
Tempered Side Case Panel | Custom RGB Lighting
1 Year Parts & Labor Warranty, Free Lifetime Tech Support"
"Logitech M185 Wireless Mouse, 2.4GHz with USB Mini Receiver, 12-Month Battery Life, 1000 DPI Optical Tracking, Ambidextrous PC/Mac/Laptop - Swift Grey",$12.99,"The Logitech M185 Wireless Mouse offers a compact, comfortable design with an ambidextrous shape that fits easily in either hand, making it a smart upgrade from a laptop touchpad. With reliable wireless connectivity up to 33 feet via a nano USB receiver, it works seamlessly with Windows, macOS, and most laptops or PCs. A line-by-line scroll wheel and smooth cursor control provide precision for everyday tasks, while the included AA battery delivers up to a year of use with an energy-saving sleep mode. Lightweight and portable, it’s well-suited for small to medium hands, tight workspaces, or on-the-go productivity. Plus, its construction includes certified post-consumer recycled plastic, combining performance with a more eco-conscious design.",Electronics,Mouse,https://www.amazon.com/Logitech-Wireless-Mouse-M185-Swift/dp/B004YAVF8I?crid=2AMBQIEVJXEXS&dib=eyJ2IjoiMSJ9.0P4JRjoVwDFJUHZ3_u9cSuQuGilg-WFKNKO-rVMRQJT4TRW_3ZnJme-Xy8f7wmxTuGT-ZumG2XD4HB3q71TDq4SX6-bDKKbHnU-kMS4hWmWROsIejeOoy5zwDDr-9UIZVJU7P18CosKLv3qIr5wbgrKLN-d5oHYqgilphUD-_NfFoNFswQ1zsl6UlCLbexL2eWel642bkqJTpPhouKrSMtNSpeLznrad5sNYEuuIZVE.3JVStccewUetVM0X8oM5RLQKKPPaR5scBVjjKOoKGQ8&dib_tag=se&keywords=Mouse&qid=1755878757&sprefix=mous%2Caps%2C185&sr=8-3&th=1,"Compact Mouse: With a comfortable and contoured shape, this Logitech ambidextrous wireless mouse feels great in either right or left hand and is far superior to a touchpad
Durable and Reliable: This USB wireless mouse features a line-by-line scroll wheel, up to 1 year of battery life (2) thanks to a smart sleep mode function, and comes with the included AA battery
Universal Compatibility: Your Logitech mouse works with your Windows PC, Mac, or laptop, so no matter what type of computer you own today or buy tomorrow your mouse will be compatible
Plug and Play Simplicity: Just plug in the tiny nano USB receiver and start working in seconds with a strong, reliable connection to your wireless computer mouse up to 33 feet / 10 m (5)
Better than touchpad: Get more done by adding M185 to your laptop; according to a recent study, laptop users who chose this mouse over a touchpad were 50% more productive (3) and worked 30% faster (4)
Small and portable: The compact size and smooth cursor control make this mouse suitable for small to medium hands, tight workspaces or offices, and busy desktops
The plastic parts in M185 include certified post consumer recycled plastic (77% for black and 49% for Charcoal/Grey, Black/Blue Glossy & Black/Red Glossy (6))"
"Basic Physics: A Self-Teaching Guide, 3rd Edition (Wiley Self-Teaching Guides)",$17.39,"Basic Physics: A Self-Teaching Guide, 3rd Edition offers a clear, approachable way to master fundamental physics concepts at your own pace. Covering essential topics such as Newton’s Laws, energy, electricity, magnetism, light, and sound, the book breaks down complex ideas into simple, easy-to-understand explanations. Each chapter includes learning objectives, practice questions, and exercises to reinforce understanding, along with optional math sections for deeper exploration. Designed with research-based methods for effective learning, this updated edition provides a flexible, interactive approach that supports high school students, college learners, and anyone looking to refresh their physics knowledge.",Books,Physics Books,https://www.amazon.com/Basic-Physics-Self-Teaching-Teaching-Guides/dp/111962990X?crid=2N8B9DSKKPBBT&dib=eyJ2IjoiMSJ9.jQrsV7g9BXh2Af2DLqOEHdf13TxoivmoQweo8wECdZcqJVEtGvMKp29f7eypOr2hYu3tCDF_vyv-gFrIWzN-fsMlLDzRixH3fTihiQvarvTGOOvMrcKIL7HmTFKZOgGIVMyIobzL0as-qPAJBAuqZh_M3ZbBL1slnElvG7FEYqPYMBCdZwZCgqr92MShXskLyyY6hZlMqK8_zfcXdOCxN6kNLNoyFb1x76353-e9TeeVnHMzz9cU30mUN24w45ZGK2asxXtkySP97GwSM44yTuxjQlMWvFFG0zrVgsHuKCE.WLSZR4-hNiSAxQennzKwzpL0sTqHI5qRYGuFjTLHDJA&dib_tag=se&keywords=Physics+Books&qid=1755776447&sprefix=physics+book%2Caps%2C191&sr=8-5,"Learn physics at your own pace without an instructor

Basic Physics: A Self-Teaching Guide, 3rd Edition is the most practical and reader-friendly guide to understanding all basic physics concepts and terms. The expert authors take a flexible and interactive approach to physics based on new research-based methods about how people most effectively comprehend new material. The book takes complex concepts and breaks them down into practical, easy to digest terms.

Subject matter covered includes:

Newton's Laws
Energy
Electricity
Magnetism
Light
Sound
And more
There are also sections explaining the math behind each concept for those who would like further explanation and understanding. Each chapter features a list of objectives so that students know what they should be learning from each chapter, test questions, and exercises that inspire deeper learning about physics.

High school students, college students, and those re-learning physics alike will greatly enhance their physics education with the help of this one-of-a-kind guide. The third edition of this book reflects and implements new, research-based methods regarding how people best learn new material. As a result, it contains a flexible and interactive approach to learning physics."
Workman Publishing Company - To Ace Math in One Big Fat Notebook: The Complete Middle School Study Guide (Big Fat Notebooks),$8.50,"Designed specifically for middle school students, Everything You Need to Ace Math in One Big Fat Notebook makes mastering math concepts easier and more engaging. Covering essential topics such as fractions, decimals, ratios, percentages, geometry, statistics, probability, equations, and functions, this study guide presents information in a clear and student-friendly format. Key ideas are highlighted with color, tricky concepts are explained with helpful doodles, and memorable mnemonics provide quick shortcuts for learning. Quizzes at the end of each section help reinforce understanding and retention. Part of the acclaimed BIG FAT NOTEBOOK™ series created by the makers of Brain Quest, this resource is teacher-approved, built to align with academic standards, and designed to support middle school learning with clarity and confidence.",Books,Maths Books,https://www.amazon.com/Everything-You-Need-Math-Notebook/dp/0761160965?crid=2QDO4JLENKQPN&dib=eyJ2IjoiMSJ9.4MvGHJjtp-HPO6wilL4Ut29baLvN4jbF4F9RH-N0ULwRnIlAwel1Owj_6OGXIZqNWzN0_TSqxSvhpLI7YH3z4-Rff509zK6eECp1bqImc6kofzZmR8A6rzw68_FitI38aT50-WMVmwBB9J3TXrTyTLehmKe0aV6ylVv7s_NfivsWr8V5JmDTZvAZYYH4L2LQ_7saurrPjN4mJSu2vv7uzh3Bu6XxflTVwcPdAQkpCdk.4JTyHSUk783kyDN5XXUnjE8Ez4Uz43aAPuWt5N5W1vo&dib_tag=se&keywords=Maths+Books&qid=1755776588&sprefix=maths+books%2Caps%2C179&sr=8-3,"It’s the revolutionary math study guide just for middle school students from the brains behind Brain Quest.
    
Everything You Need to Ace Math . . . covers everything to get a student over any math hump: fractions, decimals, and how to multiply and divide them; ratios, proportions, and percentages; geometry; statistics and probability; expressions and equations; and the coordinate plane and functions.

The BIG FAT NOTEBOOK™ series is built on a simple and irresistible conceit—borrowing the notes from the smartest kid in class. There are five books in all, and each is the only book you need for each main subject taught in middle school: Math, Science, American History, English Language Arts, and World History. Inside the reader will find every subject’s key concepts, easily digested and summarized: Critical ideas highlighted in neon colors. Definitions explained. Doodles that illuminate tricky concepts in marker. Mnemonics for memorable shortcuts. And quizzes to recap it all.

The BIG FAT NOTEBOOKS meet Common Core State Standards, Next Generation Science Standards, and state history standards, and are vetted by National and State Teacher of the Year Award–winning teachers. They make learning fun and are the perfect next step for every kid who grew up on Brain Quest."
Basic Economics,$40.12,"Basic Economics by Thomas Sowell is an accessible guide designed to help readers understand how economies function without complex jargon or equations. Covering a wide range of systems—including capitalism, socialism, and feudalism—the book explains economic principles through real-world examples and historical insights. Readers will learn to analyze policies based on the incentives they create, while exploring topics such as rent control, business cycles, and international trade. This fifth edition adds a new chapter on global wealth and income differences, offering timely perspective on economic disparities. Clear, engaging, and comprehensive, it is an ideal introduction for anyone looking to grasp the fundamentals of economics.",Books,Economics Books,https://www.amazon.com/Basic-Economics-Thomas-Sowell/dp/0465060730?crid=12OA0ZY3DWA3H&dib=eyJ2IjoiMSJ9.NPgUtQvyfd6rCym_Pb6Z_5ZOQGavw8W4-gJPOa10t4av6cLK013kMXDfihBio6-hhkLzSruoxx45h17nYvVO5V5-bQvqQeUyuBmDf5hZvwdebuKBXrUXaC2dVIldbyFSY0nRa8LYaGgoZMC-pdh_MpKH_SQNWfym6DErSiW8XDW2Jl3E43xQblXQI_6qCumigOk2_vNuCJ0IEK8aW9OV9uXYHgJJ6czsiyVu4XhV9husj_cJCCishW4AVDPna_KoUcbEIpIZRnPaV3ZeGOMdCdCv97PYpv2mb2TQUEr6TJI.p4Zp21bPrlogukCSj4GxCn5Ei0OZL6RsXPhyIGvSGhI&dib_tag=se&keywords=Economics+Books&qid=1755776728&sprefix=economics+boo%2Caps%2C189&sr=8-5,"The bestselling citizen's guide to economics

Basic Economics is a citizen's guide to economics, written for those who want to understand how the economy works but have no interest in jargon or equations. Bestselling economist Thomas Sowell explains the general principles underlying different economic systems: capitalist, socialist, feudal, and so on. In readable language, he shows how to critique economic policies in terms of the incentives they create, rather than the goals they proclaim. With clear explanations of the entire field, from rent control and the rise and fall of businesses to the international balance of payments, this is the first book for anyone who wishes to understand how the economy functions.

This fifth edition includes a new chapter explaining the reasons for large differences of wealth and income between nations.

Drawing on lively examples from around the world and from centuries of history, Sowell explains basic economic principles for the general public in plain English."
"The Five Dysfunctions of a Team: A Leadership Fable, 20th Anniversary Edition",$15.89,"A modern classic in leadership and organizational development, The Five Dysfunctions of a Team by Patrick Lencioni blends an engaging business fable with practical insights for executives, managers, and teams at every level. Following the story of Kathryn Petersen, a CEO facing a deeply divided executive team, the book illustrates the common obstacles that undermine collaboration and performance. Lencioni identifies five core dysfunctions that can derail even the most talented groups and provides a clear, actionable framework for overcoming them. Widely regarded as an essential guide to building trust, accountability, and cohesive teamwork, this anniversary edition includes a new foreword from the author reflecting on two decades of impact. Timeless and highly accessible, it remains one of the most trusted resources for leaders seeking to strengthen team dynamics and drive lasting organizational success.",Books,Business Books,https://www.amazon.com/Five-Dysfunctions-Team-Leadership-Fable/dp/0787960756?crid=27JSSIK8M9RGN&dib=eyJ2IjoiMSJ9.cGAjKu0waBj9HVjYH1SEliTth9XQ7b0I3UhPgdhhOSaUY6fDjfgcgX7uqxuHIKYd5f5ybhZR6zQrEBed5zfdwfNR3mC3vIfkDXd1RWdsaw5nuM2Ez3RUmkdGa0LItJk2isJMN3cZcb1OBzfVZk1a-DsqPpaTGZpfZVBw0jqmsxYv4GxtFf7An4NPqfNuzTphovR1lxLU_4UUYKXUhhCilKKz9fF7nPtBZ0QFRfjBICEV8tr-Eqjdyt4vdGKccXeDj0AZdRpLXr-2zaTOebm14V1GCa6UQOjn2qUoetmgztc.zW93diJo8o-cC8h7RN8mPJjqlCYtBD47P3Gkvsssbxc&dib_tag=se&keywords=Business+Books&qid=1755776795&sprefix=businessbooks%2Caps%2C196&sr=8-5,"The New York Times best-selling team leadership handbook for modern executives, managers, and organizations

After her first two weeks observing the problems at DecisionTech, Kathryn Petersen, its new CEO, had more than a few moments when she wondered if she should have taken the job. But Kathryn knew there was little chance she would have turned it down. After all, retirement had made her antsy, and nothing excited her more than a challenge. What she could not have known when she accepted the job, however, was just how dysfunctional her team was, and how team members would challenge her in ways that no one ever had before.

For twenty years, The Five Dysfunctions of a Team has been engaging audiences with a page-turning, realistic fable that follows the travails of Kathryn Petersen, DecisionTech’s CEO, as she faces the ultimate leadership crisis. She must unite a team in such disarray that it threatens to derail the entire company.

Equal parts leadership fable and business handbook, this definitive source on teamwork by Patrick Lencioni reveals the five behavioral tendencies that go to the heart of why even the best teams struggle. He offers a powerful model and step-by-step guide for overcoming those dysfunctions and getting every one rowing in the same direction.

Today, the lessons in The Five Dysfunctions of a Team are more relevant than ever. This special anniversary edition celebrates one of the best-selling business books of all time with a new foreword from the author that reflects on its legacy and lessons."
Spidey and His Amazing Friends: Team Spidey Does It All!: My First Comic Reader!,$5.99,"Introduce young readers to the exciting world of comics with My First Comics: Spidey and His Amazing Friends. Designed especially for ages 4–6, this beginner-friendly comic features simple text, clear layouts, and easy-to-follow storylines that help kids learn the basics of reading graphic novels. Along the way, children will enjoy fun adventures with Spidey and his friends while exploring positive themes of teamwork, friendship, and problem-solving. Perfect for fans of the popular TV show, this book makes a great first step into comics and a wonderful addition to any Spidey collection.",Books,Kid Comic Books,https://www.amazon.com/Spidey-Amazing-Friends-Team-Does/dp/1368076076?crid=354HLK6V11XC4&dib=eyJ2IjoiMSJ9.R4xtrc2JthReDMh_YlPC-2uqetkd8bAg98rm2H7OBgxBuOOISeZNrFYiwRM_zwF6moCrbKzlftcH1Vn-BdeS5pPuDml8xuv93Omaq5kaeyj-P6uUnqAE9hUwYMVNOdcMZL3ZEe13Ui1Ers2QQpdHZC7fhOKOnOu4Th0nrW42MYhmpXocr5HAStTZbh1R5Wg_CDISe8nv_N38s-i6eByVMHdqfrPU21v_JV_xC3BEhjC2f7EQELp4JJ_CNg_JYJFQdBjI2vqNtNUbPnN--OKn_rwnDNemUQpd105K5H5XFtw.NSPh1QF57-CpsNihzIw5X0-agWS1V9rQJnuXIynC0mg&dib_tag=se&keywords=Kid+Comic+Books&qid=1755776900&sprefix=kid+comic+books%2Caps%2C189&sr=8-5,"Swing into the world of comics with everyone's favorite web-slinger!

My First Comics is an easy-to-read comic book that introduces young fans to graphic novels with simple text, accessible layouts, and clear storylines about Spidey and his amazing friends. Kids get to learn the basics of ""comics grammar"" while exploring themes of teamwork, adventure, and friendship.

My First Comics is the perfect introduction to comics for 4-6 year olds, as well as fans of the new hit TV show!

Complete your Spidey and His Amazing Friends collection with these other popular titles:
Spidey and His Amazing Friends Meet the Spidey Team
Spidey and His Amazing Friends Panther Patience
World of Reading: Spidey and His Amazing Friends Super Hero Hiccups
Spidey and His Amazing Friends A Very Spidey Christmas
World of Reading Spidey and His Amazing Friends Reader Bind-up"
"365 by Whole Foods Market, Organic Broccoli Florets, 10 oz",$3.99,"Enjoy crisp, fresh vegetables with this convenient selection from Whole Foods Market, pre-washed and ready to eat straight from the bag. Perfect for healthy snacking, quick lunchbox additions, or creating effortless vegetable platters, it’s a versatile choice for everyday meals. The microwave-steamable bag makes preparation simple, allowing you to enjoy warm, tender veggies in minutes without extra cleanup. Whether you prefer them fresh or lightly steamed, this ready-to-use option saves time while making it easy to add more vegetables to your routine.",Grocery,Vegetables,https://www.amazon.com/365-Everyday-Value-Organic-Broccoli/dp/B077LF2ZMR?crid=N6CWB79Q09PE&dib=eyJ2IjoiMSJ9.Hfp8FkY0UZuVsoFhJ9_-v5euY_pfjvBqyWLdL_Q8vVgh_SLz4lDkn3A73PrSBkImqRlBEpZWskBHM3ilJrA0AUp2fi1A-WpWhqJNsqRR8Hg0eTxqwS3B2OqtIfKvFJH09VUvOH-AUh9i_YruRHSVUU7Ol_6qF8kTMsce3zjT-VzYY6mAUoiAlRWQclnaoKO6ktczti-wO2mkByw5c04LY8aYWN06CqOP7p9xxwb-he1M8ltok2hb5J3TA5B6chQOuiACTWXth2WHPqKJ0ffKTbmFe_6lLCZZ-69MtvqqCV8.ZQ3ST-vVnbN4LKbFN8vYK4jJI2WtN1pyylNrNYLHC9w&dib_tag=se&keywords=Vegetables&qid=1755777011&sprefix=vegetable%2Caps%2C210&sr=8-1&th=1,"Brought to you by Whole Foods Market
Pre-washed
Great for snacking or quick vegetable platters
Microwave steamable in bag"
"Amazon Fresh, Whole Milk, Gallon, 128 Fl Oz (Previously Happy Belly, Packaging May Vary)",$2.75,"Enjoy the rich, creamy taste of Amazon Fresh Whole Milk, conveniently packaged in a generous 128 fl oz container. This versatile kitchen staple is a great source of nutrition and can be enjoyed on its own, with cereal, in coffee, or as an essential ingredient in your favorite recipes. Packaged under the trusted Amazon Fresh label, it delivers the same quality and freshness you count on, with packaging that may vary. Perfect for families or everyday use, this whole milk provides the wholesome goodness you expect at a value that fits your budget.",Grocery,Milk,https://www.amazon.com/Amazon-Brand-Happy-Gallon-Ounces/dp/B07YSWTL27?crid=3LR1XPL1CVPVV&dib=eyJ2IjoiMSJ9.2SP7ZzRAHEOL4e42IE0w6WTikJUBPa4sn-f4Pr4mnnfZIVFLpklc9w4QXF_lwTqS_24hbW0EhrtxvQdpi4LTXoQ4OY8BPNkkL8Rn535o8F-08msmSrdlIiM9cBfHCt37qQDQfICmmDNAJkwlKtSpjqpjJnMd5oS-RbmV667fuPyvd4lhsMUyoGW6jFwmh9rcEn6m0p3rjjW2NzFqttJE4JPqPv9xbzTz0y5Bs6JtO-uuhO_MU7WHbS6G4kTemM9Lb5tEDRcpEaTprWNtUpsUCdoSFAkUpvibnKdAgdVpyTs.oIDv_lysGrYjG1RYxo3ZwJwCH-0oGRTgWAPt-yMgOxA&dib_tag=se&keywords=Milk&qid=1755777103&sprefix=mil%2Caps%2C259&sr=8-1,"WHAT'S INSIDE: One 128 fluid ounces container of Whole Milk
NEW LOOK: Your favorite Happy Belly products are now part of the Amazon Fresh family! Packaging may vary, but the product and quality you love are exactly the same.
HIGH QUALITY, LOW PRICES: Amazon Fresh brand products are all about high-quality food that fits every budget, every day.
ONLY FROM AMAZON: Look for the Amazon Fresh label to find great deals on a wide selection of grocery essentials.
CONTAINS: Milk"
"Red Cherries, 1 lb",$2.99,"These fresh, conventionally grown fruits are carefully selected in the United States to meet high quality standards and delivered to you at peak freshness. Perfectly versatile, they can be enjoyed on their own as a wholesome snack or added to your favorite recipes for extra flavor and nutrition. For the best experience, simply rinse before eating and store in the refrigerator to preserve their taste and freshness. Whether you enjoy them straight from the package or as part of a dish, these fruits are a simple, healthy choice for everyday enjoyment.",Grocery,Fruits,https://www.amazon.com/Fresh-Produce-Brands-Vary-mburring/dp/B003AYKZF8?crid=3CGIPIVUCWDYB&dib=eyJ2IjoiMSJ9.qY02AYKGuOKFpeRwvMDhIK0WPOSMmres7SuKhgime-krPugv17caa6Pi4x2Ns0RBsiFnNYVtUzbKNB_CcAPVKZl7F9zUOldXd-WD6juL_wZFhKgTi7mJ3_lIfK4_r7VvgdGAonRFtf4wiVgv7B0vNgXtbLrpntuVShbEKKToYCMbTKO2F7pqTVWIketzfatJUllOYy74hxBBnTpqgyJkYMxp0FHPBKliveG4IPZzm2zYaVKaPvuBOqbgpeLBXxeWnqss7cWgZnbAsL-mwFAJjuXTD6MvyDztrAEgdEvCQu4.dwUKUYET6RvI1iOsjghgJUSA_YibN4YGe1IKO9pUfo4&dib_tag=se&keywords=Fruits&qid=1755777194&sprefix=fruits%2Caps%2C214&sr=8-1,"
Conventionally grown in the United States
Selected and stored fresh
Sourced with high quality standards
Recommended to wash before consuming
Delicious on their own as a healthy snack or as part of a recipe
Refrigerate immediately for maximum shelf life and flavor"
"Vital Farms Organic Pasture Raised Eggs Large Brown, 12 Count",$10.49,"Enjoy farm-fresh quality with Vital Farms Organic Pasture-Raised Eggs, a carton of 12 large, brown Grade A eggs sourced from small family farms. These eggs come from hens raised outdoors with ample space to roam on open pastures, where they forage naturally and live in humane conditions. Rich in protein and versatility, they’re a wholesome choice for everything from breakfast scrambles to baking. Every carton includes traceability information, letting you see exactly which farm your eggs came from. As a Certified B Corporation, Vital Farms is committed to supporting sustainable farming practices that benefit people, animals, and the planet.",Grocery,Eggs,https://www.amazon.com/Vital-Farms-Pasture-Organic-Raised/dp/B00M1QWODW?crid=PQCDYL52P17V&dib=eyJ2IjoiMSJ9.OX-VvB4H1C2s_BprqDUb6zGP6nhkRASlXF_Wbdwpiw33ZON8yZOS1OMvfz77Dol-8UbNaZmFJHtCegakgHLJvxuMjXFKt8bZFiYI33S04LHIWxt0C9U7vPGRTfLcttAYWV-Qv2CG_aFC5HUa1xHAUruhX2lSdfmlMO5RBT1waLkaqzxfe7H4qDUEsg44JFqgvoFmqha0Ody2XL7MHICsbD2EBWCulTqOdAXSVgMGNVQKvoPXigSNKl5SHzzznaqe7PwIQwbp4yfuHC5MyzfFu-fxOA_s-072BkU5X1dy_ZE.k1cJgo_8rbzFREtZgViPnlzJsW_UR_MXIuBO-NdmMGQ&dib_tag=se&keywords=Eggs&qid=1755777271&sprefix=egg%2Caps%2C196&sr=8-1,"12 EGGS: This carton of Vital Farms Organic Pasture-Raised Eggs holds 12 Large, Brown, Grade A eggs that come from our collection of small family farms to give you a protein-packed meal.
MADE WITH FRESH AIR & SUNSHINE: Our Vital Farms Pasture-Raised eggs are Certified Humane and come from hens that have the freedom to forage for local grasses, succulents, and wildflowers year-round while enjoying 108 sq feet each of roaming room in open pastures.
FROM SMALL FAMILY FARMS: We began as a single-family farm. Today, we work with more than 350 family farms who give our hens the outdoor lifestyle they deserve.
CONSCIOUS CAPITALISM: Vital Farms is a Certified B Corporation with a purpose to improve the lives of people, animals, and the planet through food.
TRACEABILITY: Have you traced your eggs back to the farm they came from? On the side of each carton, you’ll find the farm name of where your actual eggs were laid!"
"Dave's Killer Bread 21 Whole Grains & Seeds Thin-Sliced, Whole Grain Organic Bread, 20.5 oz Loaf",$5.99,"Dave’s Killer Bread 21 Whole Grains & Seeds Thin-Sliced offers a wholesome and flavorful option for everyday meals. Each 20.5 oz loaf is packed with nutritious benefits, delivering 3g of protein, 3g of fiber, 80mg of ALA Omega-3, and 12g of whole grains per slice. With its hearty texture, hint of sweetness, and seed-coated crust, this bread pairs well with sandwiches, toast, or your favorite spreads. Made with USDA organic ingredients and Non-GMO Project Verified, it contains no high-fructose corn syrup, artificial preservatives, or artificial ingredients. A nutritious choice with great taste, it’s a simple and satisfying way to enjoy whole grains every day.",Grocery,Bread,https://www.amazon.com/Daves-Killer-Bread-Thin-Sliced-Calories/dp/B0071JHNWG?crid=XRCA9OZGCOO9&dib=eyJ2IjoiMSJ9.XwISENmFRN99mj8JnIROSNCLy-KqZd4LtKalHx4qnom7f7Y7P1co1-sKfSDc_EYwE1AUwHT8zJnAuuexItAO0KWs3tXWflL8enfsatn6cXMjW5yZhRAUtoZw1QdbZPCI_A2ineN6AEcU4JKH8JPl-gPnSLste0MScDm_VBysfVas3JsVw4tASP0y6n5t3KPbcRQNtd48-QCb0PExRI3QOz7lq5KuMGo5am4jOoQisc6d2bTNib6qtV-CyY4mMvWKKAWe49H1te75rtlKNdaNF-UAOs3hFEQ_YrPgvb2hxMA.OULG4lY-W5LSpvfn_nHEMcdsHGKJmVcXw2Gs_9Aweyo&dib_tag=se&keywords=Bread&qid=1755777408&sprefix=bread%2Caps%2C208&sr=8-1&th=1,"You'll get a 20.5 oz loaf of Dave's Killer Bread 21 Whole Grains & Seeds Thin-Sliced
3g protein, 3g fiber, 80mg ALA Omega-3 and 12g of whole grains per slice
Dave's Killer 21 Whole Grains & Seeds sliced bread has a hearty texture, subtle sweetness and a seed-coated crust
Dave's Killer Bread is Non-GMO Project Verified and USDA organic, plus has no high-fructose corn syrup, artificial preservatives or artificial ingredients
For the most accurate and updated ingredient info, always check the ingredients label on the actual product."
"Gildan Men's Crew T-Shirts, Multipack, Style G1100",$17.97,"Crafted from soft, breathable cotton, this shirt offers all-day comfort with a lightweight feel that’s perfect for everyday wear. Built-in moisture-wicking technology helps keep you cool and dry, making it a reliable choice for busy days or active lifestyles. The tag-free design prevents irritation, while the lay-flat collar and classic length ensure a polished look that stays in place when tucked. Finished with durable stitching, this wardrobe essential is designed to hold up to regular wear and maintain its shape wash after wash.",Clothing ,T-shirt,https://www.amazon.com/Gildan-T-Shirts-Multipack-Heather-X-Large/dp/B09312N4RH?crid=19FN1Y6F1YAWO&dib=eyJ2IjoiMSJ9.h4HbMp_IOpyw_1Z4j0EzlD-ph6epikAi7pCaN39s9qOSxIcKehEQycjM3ufAwLet6Hp0Q3ATwgy4ji1z3oQ58ZM8ehXspWHlnC70DGo2nvhLaY2zRd7OHwLx6w6ZBx6Pvm2-7-tYxekg7ZeXTIu2777gptC5YEQHfcLFWwSAFPLQ6E0ufOMGRAlCCtgnN3zBOZLhMfpPjEBvYwiFOD0mX4tcGMu-lcUgi_w2DLe8tvgyI6oB-umnC9ram5IpLsrut6oHWJHvRh5Gg4OosPELf8ZVuHUTui9KhlvYyyvNCu8.F4KYdoo1M2KyMkVHCmP-Uc1LMi8H9XWc5WGcxwAZl9Y&dib_tag=se&keywords=t-shirt&qid=1755777552&sprefix=tshir%2Caps%2C264&sr=8-5,"Soft, breathable cotton
Moisture wicking technology keeps you cool and dry
Tag-free to prevent irritation
Classic length for easy tucking
Durable stitching
Lay-flat collar"
NIMIN High Waisted Work Pants for Women Business Casual Outfits 2025 Office Dress Pants Trousers with Pockets,$36.99,"These versatile business casual pants combine comfort and style with their soft, breathable, and durable fabric designed for all-day wear. Featuring a flattering high waist, belt loops, and front pleats, they offer a polished look that transitions seamlessly from the office to evenings out. The straight-leg design provides a comfortable fit for various body types, while practical side pockets are deep enough to hold essentials like your phone or wallet. With decorative back details that enhance the silhouette, these pants are easy to pair with tops ranging from blouses to tees for both professional and casual occasions. Available in Short, Regular, and Long inseam options, they provide a tailored fit for different heights and preferences.",Clothing ,Trouser,https://www.amazon.com/NIMIN-Waisted-Straight-Business-Trousers/dp/B0BZPRM97C?crid=1L2X8GKN7QBAN&dib=eyJ2IjoiMSJ9.kLsDjnRIaIFe_XYGm2lyKEdFbCRrPeWVyA6pSNwS2jw2wxPmRrl-9xh0-mmmUPlhiZg853WqQRKqSGtvyH7EcV0MeRkK2ZtPXK5T2SjaZI9QPDj_gtSjD2qIahBzC216lC27K3TlDO7uaH1kdKwhp7K8qg_N-81mA1yl39uHexO1XaCTv6nkKrZR7Bwj_OcCD4VSL8o9W_32aoDJtl38rXA3vDJp8eRGMfUXR9cLZs6sLaTi1WkhMJx4qpatqfYekUKvgOOT17nmHZBqwJtae-7r07ayx6dvpLHLJOPcGnk.2iNw0aiTIQPkvzLzbBYY7DUKy6n-AkyCJISyW8yfr94&dib_tag=se&keywords=Trouser&qid=1755777643&sprefix=trousers%2Caps%2C291&sr=8-3,"💗 Material: High quality fabric, soft, breathable and durable enough for your daily wearing. Not too thin or see through. Keep you comfortable all day long.
💗 Style: Business casual pants with a professional look: high waist, belt loops, back pockets. Perfect to dress up or down for work or a night out.
💗 Features: The front pleats add a fashion sense. The straight leg pants will work even If you are curvy or have thick calves and thighs. Side pockets are deep enough to hold your phone and wallet. Decorative fake pocket on the back make your hips look better.
💗 Occasions & Match: For work, school, vocation, holiday, family pictures, beach or casual daily wear. Great with t-shirts, crop tops, shirts, tank tops, shirts, bodysuits, sandals.
Size Guide & Customer Service: We offer three options: Short, Regular, and Long. Each option has a different inseam length. If you are looking for a Regular size L, and the length is suitable but the waistband and hip are too small, you can consider choosing the Short size L instead. Please refer to the size chart of the description before purchase."
"Hanes, Ecosmart Fleece Full-zip Hoodie for Men, Hooded Sweatshirt",$12.25,"Stay comfortable and cozy in the Hanes EcoSmart Fleece Zip-Up Hoodie, crafted with cotton sourced from American farms for a feel-good choice you’ll want to wear every day. Designed with a classic zip-front silhouette, it features an adjustable drawstring hood and handy front pockets for added convenience. The thick, durable fleece is made to stay soft over time, while double-needle stitching at key seams enhances long-lasting quality. Ribbed cuffs and hem provide a secure fit, and the unisex design offers a standard men’s fit that also delivers a relaxed, oversized look for women. Available in a wide range of sizes, including Big & Tall, this versatile hoodie is a reliable layering piece for all-season comfort.",Clothing ,Jacket,https://www.amazon.com/Hanes-Full-zip-Eco-smart-athletic-sweatshirts/dp/B00JUM4CT4?crid=1LP13ZKW8ZXOO&dib=eyJ2IjoiMSJ9.XQsT4PNhrDffI2sA5fd1e3duAms6ICheAElOj74PRng_288z63s2nw6G-KxR6Zp-bwv5R1Xixyt_8L7hYNenp01_r6lhEsC2FChwFTG3EZSX1DXmj7o9LvGojA3Vw_bjIy-NceqnzzgbysGO7kT1_uOG7ZdPDc9RjCj5hO7A9UAq49thpbta6a8goElT57BEvJPTIq9XSot3QtpsWeP2SXgGXpgU5-iPtiwbHU4-gqMD6NSzxvi8Jc-5ykH8b61vZsE7sJyLZJztKpWoSmZAAqAXOWH4vZUf_27X0MzX_Zg.jbGI5EAWWPdAcsQQ5cAIrzXhJIXGcrq4wTPeLZ40ABA&dib_tag=se&keywords=Jacket&qid=1755777714&sprefix=jacke%2Caps%2C235&sr=8-5,"FLEECE TO FEEL GOOD ABOUT - This Hanes EcoSmart zip-up hoodie is made with cotton sourced from American farms.
CLASSIC ZIP-FRONT SILHOUETTE - Hooded sweatshirt with full-zip front featuring a drawstring hood and front pockets.
UNISEX SIZING - This zip-up hoodie is designed with a standard men’s fit that also creates an effortless, oversized look for women. Female model is 5'8"" and wearing a size medium.
MADE TO STAY SOFT - Made with thick, sturdy fleece for extra warmth.
DESIGN DETAILS - Double-needle stitching at the neck and armhole seams for quality and sturdiness, plus a dyed-to-match drawstring at the hood. Ribbed cuffs and hem.
BIG & TALL OPTIONS - This men's sweatshirt is available in Big Men's sizing so you can always find your perfect fit."
Trendy Queen Cropped Cardigan Sweaters for Women Lightweight Crop Cotton Knit Y2k Fall Outfits Fashion Clothes 2025,$29.99,"Stay comfortable and stylish with this women’s open-front cardigan, crafted from a soft blend of polyester, acrylic, and polyamide for a cozy, skin-friendly feel. Designed with long sleeves and a relaxed fit, it’s a versatile layering piece that pairs easily with casual outfits for school, daily wear, or outings. Its lightweight yet warm fabric makes it perfect for transitioning between seasons while keeping you comfortable throughout the day. Simple to care for with cold hand washing, this cardigan is a practical addition to any wardrobe—just be sure to check the provided size chart for your best fit.",Clothing ,Cardigan,https://www.amazon.com/Trendy-Queen-Cardigan-Sweaters-Lightweight/dp/B0DCW38YR7?crid=6B0IWPKAUCJK&dib=eyJ2IjoiMSJ9.C9iuwl3nZ8RV5JVmEY0FOQKAVzjrvaWnwiU8K26teHHtKfYLGzAwCBdPwkxfyzf1A3eJuIadV5zNHxby__lAJpfPaQsrnqtG-EaUcS9kmPi826QdjN8GpoHvZXlma33YqMx1lNAknjQtpJtkjfX93jbN09AXv5Hd3TXCZa_IfXqlmer03Vqgzd5U2l97UutpVhUsCy9IQct65SGaELd93m2TLdORh6mC1_NU8-qYZ1zXqXb90SXM1_ng7RtaMNWV2hp-0BWehtvkEYuJCkgd8lj5apeVBQe0MUhMLnCoyXQ.G3-W5iR53_H4mnBeuu84E9s-pAt4BfpgW_ctzKg45KA&dib_tag=se&keywords=Cardigan&qid=1755777772&sprefix=cardigan%2Caps%2C195&sr=8-5,"Fabric: Made of 71%Polyester+18%Acrylic+11%Polyamide, skin-friendly, soft and comfortable
Fashion Designs: Womens cardigan sweaters designed with open front, long sleeve
Occasions: Suit for casual wear, school, daily life and outgoing
Wash Care: Hand washes cold water. Do not bleach
Size: Please Refer To Size Chart For Details Before Purchase Which We Provide In Our Pictures"
adidas Women's VL Court 3.0 Sneaker,$59.99,"Step into timeless style and everyday comfort with these suede sneakers, designed for a classic yet versatile look. The soft suede upper pairs with a smooth textile lining to deliver a comfortable fit that feels good from the first wear. A cushioned midsole provides lightweight support and absorbs impact with every step, making them ideal for all-day wear. Finished with vulcanized tooling, the outsole adds durability and a retro-inspired touch that complements any casual outfit. For the best fit, consider sizing down by half a size.",Clothing ,Shoes,https://www.amazon.com/adidas-Womens-Court-Sneaker-White/dp/B0C2JZD9S5?crid=2TPD75FI5WYE6&dib=eyJ2IjoiMSJ9.kLEZb07Ps1fsf8bZNq1vTPnn-6V51kJaAxdx-s5N-VR974BrxAYlC3JYzd5V-RVXl07_lt2qDLE_oFepyghIn7TG-F51RtKL6MftdynOnMOFUOwOk3Wdr_15eRHhQqRezbbw60aO7Xzywkd3mQEZldOEKq5DCWkiu_e82wqsyZ49ySNorEMtcXpZExMQzCqJrljaFANP1KnSkeTl_eQy7b1-rPAo2_wYVDFE57a6P4PKwJ0OkLEz9zbu1wJYLBARuj_hBDbRoajQv61PDIN3EI5wKXYNucCaVJR61dmbHTM.EfGZlemZlaBbULkC-xHnprlmefoBCC-ijfZqD5KwVQ4&dib_tag=se&keywords=Shoes&qid=1755777838&sprefix=shoe%2Caps%2C177&sr=8-5,"RUNS LARGE: Size down ½ size
SUEDE UPPER: Soft suede upper for a classic footwear look and feel
TEXTILE LINING: Textile lining provides a soft, comfortable feel
LIGHTWEIGHT CUSHIONING: Cushioned midsole offers step-absorbing, durable comfort
VULCANIZED TOOLING: Vulcanized soles offer an authentic retro look"
Clinique Almost Lipstick Tinted Lip Balm in 2 Iconic Shades Black Honey and Pink Honey | Sheer + Lightweight,$21.25,"Clinique Almost Lipstick in Black Honey is a cult-favorite lip color known for its universally flattering shade that adapts beautifully to every skin tone. Though it appears deep in the tube, it applies as a sheer, glossy wash that enhances the natural color of your lips. The lightweight, emollient-rich formula glides on smoothly, leaving lips feeling soft and comfortable. Perfect for everyday wear, it can be applied alone for a subtle tint or layered for a deeper, more customized look.",Beauty,Lipstick,https://www.amazon.com/Clinique-Almost-Lipstick-Black-Honey/dp/B0032RMX3U?crid=10BY0HXWII7NR&dib=eyJ2IjoiMSJ9.gASxu7eEDm7ewTLrsd9C17XhkUkrW7MjdUWZiF-o3e5S02SLw0pIA3E0dXmoh99TnjeImjpr2VCHG3g4KkqRwyEx0-7j4fWuJn1b-CGam_zB0mABSSsVm5Coaam5D_JZwqaEGnzBop2iO606dT64OJILejL_S7POxweHe4WaLVyKvlZI2twkrGSn6h8BYEQJTWcCP71gjn8DcrbeCvA4R9J_lTJ5kqupPXNGkeNVBqyPjR03bW6iih5ZI7XVXl8IYs9rtwcJKoW22EJI3LCloy2qhMNR0SS2iEGYnTm0cyM.LNjeLaUko378O3N4JCG6ZtwdAqBXISOxt3ihHGNy7-Q&dib_tag=se&keywords=Lipstick&qid=1755777974&sprefix=lipstick%2Caps%2C200&sr=8-5&th=1,"Description
Almost Lipstick in Black Honey is Clinique’s #1 lip color. This cult-classic, universally flattering shade looks incredible—yet different—on everyone. Appears dark in the tube but glides on sheer, glossy, lightweight color.
Benefits
Emollient-rich lipstick melts into your lips, playing up their natural color.
Suggested use
Apply lipstick directly to lips. Can easily be layered."
"e.l.f. Flawless Satin Foundation, Lightweight & Medium Coverage, Semi-Matte Finish, Vegan & Cruelty-Free, Pearl, 0.68 Fl Oz (20mL)",$7.00,"e.l.f. Flawless Finish Foundation in Pearl is a lightweight, buildable liquid foundation that delivers medium-to-full coverage with a smooth, natural look. Designed to blend seamlessly into skin, it helps even out tone and texture while hydrating with glycerin for a soft, comfortable feel. The semi-matte satin finish provides long-lasting wear that works well for all skin types, giving you a polished look that lasts throughout the day. For customizable coverage, it can be mixed with moisturizer for a sheer finish or paired with glow lotion for added radiance. Like all e.l.f. products, this foundation is made with skin-loving ingredients and is 100% vegan and cruelty-free.",Beauty,Foundation,https://www.amazon.com/l-f-Cosmetics-flawless-foundation-lightweight/dp/B07MWT5JV7?crid=265G7LF1P4M0Y&dib=eyJ2IjoiMSJ9.MxScUqgH9auy_PLRFED3Xn2S4xjhQrd0tXgOMzYhm3syXEhDSE0kopScmSZuz_8wMI2bnIv9x-mqvlilH7S3WHRfsY0ff2gIZ-pJIeleCfYmeZqrk_p5nRxRHpmacmFrIktFyTqjhocqjlSt5yj6ZgeapsRSOYJtf9o_CU0mF_JNT9DdV4fBUjgBJlrQq3_M_7f-GFme9LcY2tj6jsf3APBFRMSJTm_w2_jYAy3IDqMkKlDdfeB6nKfcGOLtgoqCsyHspDYksEyc9lDgo-PYuJc13W1vxsJf7VpWmhag79Y.NCg48c58zvWy86JsRoxUIrij8BeELByvRQGAHj3zQQM&dib_tag=se&keywords=Foundation&qid=1755778037&sprefix=foundation%2Caps%2C211&sr=8-5,"RESTORE & ILLUMINATE: e.l.f. Flawless Finish Foundation is a lightweight liquid foundation that naturally blends into skin (and hydrates while you’re at it) to help improve uneven skin tone and texture. The shade Pearl is fair with neutral undertones.
ALL-DAY WEAR: This highly blendable and buildable formula goes on smooth as silk, providing medium-to-full coverage and weightless all-day wear. Added perk: it’s supercharged with glycerin to hydrate and soften your skin.
SEMI-MATTE FINISH: This foundation blends into skin for a beautiful semi-matte satin finish that lasts all day long and is perfect for all skin-types.
MORE COVERAGE, MORE GLOW: For sheer coverage mix our Daily Hydration Moisturizer with the foundation, or for added glow, mix our Beautifully Bare Natural Glow Lotion with the foundation.
SKIN-LOVING INGREDIENTS: All e.l.f. products are made from skin-loving ingredients you want, minus the toxins you don’t—all at good-for-you prices. All e.l.f. products are 100% cruelty-free and Vegan."
"CeraVe Foaming Facial Cleanser, Daily Face Wash for Oily Skin, Hyaluronic Acid + Ceramides + Niacinamide, Fragrance Free & Paraben Free, Non-Drying Oil Control Face Wash, 16 Fluid Ounces",$15.48,"CeraVe Foaming Face Wash is a gentle gel-to-foam cleanser designed to effectively remove excess oil, dirt, and makeup without leaving skin feeling tight or dry. Formulated with three essential ceramides, it helps maintain the skin’s natural protective barrier while delivering a refreshing cleanse. This non-comedogenic, fragrance-free, and paraben-free formula is suitable for normal to oily skin and can be used daily on the face, body, or even as a hand wash. Developed with dermatologists, it provides a non-irritating cleansing solution you can rely on for both morning and evening skincare routines.",Beauty,Cleanser,https://www.amazon.com/CeraVe-Hyaluronic-Ceramides-Niacinamide-Non-Drying/dp/B01N1LL62W?crid=3178NPHSUQQKM&dib=eyJ2IjoiMSJ9.qCcBDScx-tEi1e--J9aw0GJOoRrY5WbLazexYeplzGhn2u9go8bUg0di_VNecn7m9ncQB3ELPCAYvEJ_ilb2hm0qbvMrBFrIVYT4y40DcpVekJ3JlBaKay2PFL7hoiXLTHyCiyn5dfi0P3CYg6gXsp7tXGq8Q6gYxk9Yl7JPAskBrBjKwX0Tqa1JFLbVkt8JgHLWBjr2KT9cxLUJRBABpJSmsQrF6lFoRMQsGs8CgPt8ARwPGcjbTGX5S7fRVQjaPzMXBF0Qr-z0X8qfHpf-fSnIoCw5xH4kC_qd9J0w_VE.jDgI13BT5rwrfhFyS52M4rdU4EsXCjzOusKOI6BxYyc&dib_tag=se&keywords=Cleanser&qid=1755778113&sprefix=cleanser%2Caps%2C188&sr=8-5&th=1,"[ FOAMING FACE WASH ] Dispenses as a clear gel cleanser and transforms into a foam as you lather. Cleanses without leaving skin feeling tight, dry, or stripped
[NON- DRYING FACE CLEANSER] Fragrance-free, paraben free, non-comedogenic, non-drying, and non-irritating. Gently refreshes and effectively removes excess oil, dirt, and makeup
[ MULTI-USE SKIN CARE ] Skin Cleanser for face and/or body and can be used as a hand wash. Suitable for daily cleansing morning (AM) and night (PM) for normal to oily skin
[ 3 ESSENTIAL CERAMIDES ] Ceramides are found naturally in the skin and make up 50% of the lipids in the skin barrier. All CeraVe products, formulated with three essential ceramides (1, 3, 6-II)to help maintain the skin’s natural barrier.
[ DEVELOPED WITH DERMATOLOGISTS & #1 DERMATOLOGIST RECOMMENDED SKINCARE BRAND ] CeraVe Skincare is developed with dermatologists and has products suitable for dry skin, sensitive skin, oily skin, acne-prone, and more."
"La Roche-Posay Toleriane Double Repair Face Moisturizer, Daily Moisturizer Face Cream with Ceramide & Niacinamide for All Skin Types, Immediate Comfort & Long Lasting Hydration, Fragrance Free",$24.99,"This ultra-hydrating face moisturizer is designed to replenish and strengthen the skin barrier for healthier-looking skin. Formulated with Prebiotic Thermal Water, Ceramide-3, Niacinamide, and Glycerin, it delivers up to 48 hours of hydration while supporting skin’s natural protective layer. The lightweight, oil-free texture absorbs quickly without clogging pores, making it suitable for daily use. Fragrance-free and gentle, it provides both immediate relief and long-lasting hydration. For best results, apply to the face and neck morning and evening as part of your skincare routine.",Beauty,Moisturizer,https://www.amazon.com/Roche-Posay-Toleriane-Double-Repair-Moisturizer/dp/B01N9SPQHQ?crid=LFOKXHOZPVN4&dib=eyJ2IjoiMSJ9.naglkcHb8di5cXP6RoJZp3xK2ar6O7ZBi_4ipgfcauCvayVfWEU_UdJk-9UMhzj-PUOsWgrvLdbHzKVZ4nDb8hcVOePt5yi_F6Jr35agwFJhe5uQ9DD08XImwEy9AoL3ZQbQKd-GR2C2gu42Rqpf6Me7zyc3Nf9ue-h2ZQJCgLnB3gGpW9OICn-B1bHnJoJW81Vq0qPQndU0uM7RIDfJEbQbBuZ9A_uL-VM7F4tIcHiBxl0iyRhhL5ebRcKd1pqOlgc7aTwnL_yFt3I5NNhoa55skjLR-S_TznHNSIaZIl4.da64cUrXOFWGwHjtYR2bpIEdiadvnoPz-58vu3whjLc&dib_tag=se&keywords=Moisturizer&qid=1755778190&sprefix=moisturizer%2Caps%2C203&sr=8-1&th=1,"Description
Ultra hydrating face moisturizer helps restore skin barrier for healthy looking skin. Formulated with a high concentration of Prebiotic Thermal Water, Ceramide-3, Niacinamide & Glycerin. Fragrance free & oil free, wont clog pores
Benefits
Delivers up to 48hr hydration & helps restore skin's barrier in just 1 hour, for immediate & long lasting results
Suggested use
Apply facial moisturizer to the face & neck morning & evening. Its soft, oil-free texture is easily absorbed."
"The Ordinary Glycolic Acid 7% Exfoliating Toner, Brightening and Smoothing Daily Toner for More Even-Looking Skin Tone",$8.70,"The Ordinary Glycolic Acid 7% Exfoliating Toner is a gentle yet effective formula designed to improve skin texture and promote a brighter, more even-looking complexion. Powered by glycolic acid, it works to exfoliate dead skin cells while Tasmanian Pepperberry helps reduce irritation and aloe vera provides soothing hydration. Ginseng extract is included to support a refreshed, radiant appearance with continued use. Ideal for incorporating into your evening skincare routine, this toner is applied with a cotton pad after cleansing to smooth and revitalize the skin over time.",Beauty,Toner,https://www.amazon.com/Ordinary-Exfoliating-Brightening-Smoothing-Even-Looking/dp/B0DMTDN158?crid=1LWRBPA2GAN9S&dib=eyJ2IjoiMSJ9.Ik9Nc9csrWixMXYuggqV1qCSyjiFDQ518I6skSRO1QV6DrZSOWdZLvQmd5x12rq4UFASQZaEkVsb_jVbLKQuyRNqRikaiVXkpnX-jl8kLJ-MnnjfglElCX36HnN_amz5Qfstdg8yRA7GhXSusd1_WFC74jxplZQHGF8-AkPRhGwV6481IlgKHUI_PYiAnGCUpejXwkK-wSEZ1KkgXgqDGE-iAyXD_WPWhaK-17KsYdi2oxmGRR2MZP1xtiN2UQrWuI-Gh0u_dR_BtBiIrQ0gD5tDhKUKjiWOGWXckjAcIlc.2OZESNWC57c81uhU3VH-7K4G3jLvD1uW2Twbf72s_PU&dib_tag=se&keywords=Toner&qid=1755778260&sprefix=toner%2Caps%2C214&sr=8-5&th=1,"Description
The Ordinary Glycolic Acid 7% Exfoliating Toner smooths skin texture, visibly evens tone, and boosts radiance with daily use. Contains Tasmanian Pepperberry, aloe, and ginseng.
Benefits
Smoothes skin texture, visibly evens tone, and enhances luminosity with daily use.
Suggested use
After cleaning, saturate a cotton pad with the formula and sweep across face and neck. Use ideally in the PM"